site_id,date,time,aqi,status
22,2024-08-31,23,62,Moderate
31,2024-08-31,23,50,Good
23,2024-08-31,23,45,Good
24,2024-08-31,23,42,Good
25,2024-08-31,23,50,Good
26,2024-08-31,23,40,Good
27,2024-08-31,23,39,Good
28,2024-08-31,23,44,Good
29,2024-08-31,23,46,Good
30,2024-08-31,23,49,Good
32,2024-08-31,23,44,Good
20,2024-08-31,23,58,Moderate
34,2024-08-31,23,45,Good
35,2024-08-31,23,62,Moderate
36,2024-08-31,23,58,Moderate
37,2024-08-31,23,61,Moderate
38,2024-08-31,23,63,Moderate
39,2024-08-31,23,43,Good
40,2024-08-31,23,41,Good
41,2024-08-31,23,44,Good
21,2024-08-31,23,60,Moderate
19,2024-08-31,23,65,Moderate
43,2024-08-31,23,38,Good
8,2024-08-31,23,65,Moderate
313,2024-08-31,23,13,Good
1,2024-08-31,23,58,Moderate
2,2024-08-31,23,66,Moderate
3,2024-08-31,23,59,Moderate
4,2024-08-31,23,66,Moderate
5,2024-08-31,23,61,Moderate
6,2024-08-31,23,57,Moderate
7,2024-08-31,23,64,Moderate
9,2024-08-31,23,61,Moderate
18,2024-08-31,23,59,Moderate
10,2024-08-31,23,51,Moderate
11,2024-08-31,23,41,Good
12,2024-08-31,23,64,Moderate
13,2024-08-31,23,56,Moderate
14,2024-08-31,23,65,Moderate
15,2024-08-31,23,67,Moderate
16,2024-08-31,23,77,Moderate
17,2024-08-31,23,55,Moderate
42,2024-08-31,23,41,Good
33,2024-08-31,23,54,Moderate
44,2024-08-31,23,42,Good
65,2024-08-31,23,51,Moderate
67,2024-08-31,23,69,Moderate
68,2024-08-31,23,65,Moderate
69,2024-08-31,23,63,Moderate
70,2024-08-31,23,63,Moderate
71,2024-08-31,23,36,Good
72,2024-08-31,23,45,Good
75,2024-08-31,23,42,Good
45,2024-08-31,23,41,Good
78,2024-08-31,23,74,Moderate
80,2024-08-31,23,19,Good
83,2024-08-31,23,46,Good
84,2024-08-31,23,48,Good
85,2024-08-31,23,43,Good
201,2024-08-31,23,68,Moderate
202,2024-08-31,23,37,Good
203,2024-08-31,23,41,Good
204,2024-08-31,23,43,Good
311,2024-08-31,23,55,Moderate
312,2024-08-31,23,NULL,NULL
66,2024-08-31,23,48,Good
77,2024-08-31,23,45,Good
64,2024-08-31,23,37,Good
54,2024-08-31,23,38,Good
47,2024-08-31,23,43,Good
48,2024-08-31,23,40,Good
49,2024-08-31,23,39,Good
50,2024-08-31,23,38,Good
51,2024-08-31,23,50,Good
52,2024-08-31,23,38,Good
53,2024-08-31,23,38,Good
46,2024-08-31,23,42,Good
56,2024-08-31,23,37,Good
58,2024-08-31,23,35,Good
59,2024-08-31,23,36,Good
60,2024-08-31,23,28,Good
61,2024-08-31,23,19,Good
62,2024-08-31,23,19,Good
63,2024-08-31,23,19,Good
57,2024-08-31,23,42,Good
26,2024-08-31,22,41,Good
29,2024-08-31,22,47,Good
28,2024-08-31,22,47,Good
27,2024-08-31,22,42,Good
23,2024-08-31,22,47,Good
25,2024-08-31,22,52,Moderate
24,2024-08-31,22,44,Good
31,2024-08-31,22,52,Moderate
21,2024-08-31,22,60,Moderate
30,2024-08-31,22,53,Moderate
35,2024-08-31,22,63,Moderate
32,2024-08-31,22,44,Good
33,2024-08-31,22,54,Moderate
34,2024-08-31,22,46,Good
36,2024-08-31,22,61,Moderate
37,2024-08-31,22,61,Moderate
38,2024-08-31,22,61,Moderate
39,2024-08-31,22,42,Good
40,2024-08-31,22,39,Good
19,2024-08-31,22,67,Moderate
20,2024-08-31,22,59,Moderate
22,2024-08-31,22,66,Moderate
18,2024-08-31,22,62,Moderate
7,2024-08-31,22,63,Moderate
42,2024-08-31,22,44,Good
78,2024-08-31,22,74,Moderate
1,2024-08-31,22,71,Moderate
2,2024-08-31,22,67,Moderate
3,2024-08-31,22,57,Moderate
4,2024-08-31,22,67,Moderate
5,2024-08-31,22,60,Moderate
6,2024-08-31,22,58,Moderate
8,2024-08-31,22,69,Moderate
17,2024-08-31,22,56,Moderate
9,2024-08-31,22,60,Moderate
10,2024-08-31,22,50,Good
11,2024-08-31,22,45,Good
12,2024-08-31,22,65,Moderate
13,2024-08-31,22,58,Moderate
14,2024-08-31,22,67,Moderate
15,2024-08-31,22,68,Moderate
16,2024-08-31,22,79,Moderate
41,2024-08-31,22,44,Good
66,2024-08-31,22,43,Good
43,2024-08-31,22,42,Good
83,2024-08-31,22,45,Good
68,2024-08-31,22,67,Moderate
69,2024-08-31,22,65,Moderate
70,2024-08-31,22,64,Moderate
71,2024-08-31,22,38,Good
72,2024-08-31,22,51,Moderate
75,2024-08-31,22,43,Good
77,2024-08-31,22,44,Good
80,2024-08-31,22,20,Good
84,2024-08-31,22,49,Good
65,2024-08-31,22,51,Moderate
85,2024-08-31,22,43,Good
201,2024-08-31,22,66,Moderate
202,2024-08-31,22,38,Good
203,2024-08-31,22,44,Good
204,2024-08-31,22,48,Good
311,2024-08-31,22,55,Moderate
312,2024-08-31,22,NULL,NULL
44,2024-08-31,22,44,Good
67,2024-08-31,22,72,Moderate
313,2024-08-31,22,16,Good
64,2024-08-31,22,38,Good
54,2024-08-31,22,41,Good
46,2024-08-31,22,43,Good
47,2024-08-31,22,45,Good
48,2024-08-31,22,41,Good
49,2024-08-31,22,41,Good
50,2024-08-31,22,41,Good
51,2024-08-31,22,50,Good
52,2024-08-31,22,41,Good
53,2024-08-31,22,41,Good
45,2024-08-31,22,42,Good
56,2024-08-31,22,39,Good
58,2024-08-31,22,39,Good
59,2024-08-31,22,42,Good
60,2024-08-31,22,32,Good
61,2024-08-31,22,19,Good
62,2024-08-31,22,19,Good
63,2024-08-31,22,20,Good
57,2024-08-31,22,45,Good
59,2024-08-31,21,47,Good
56,2024-08-31,21,41,Good
57,2024-08-31,21,49,Good
58,2024-08-31,21,46,Good
62,2024-08-31,21,19,Good
60,2024-08-31,21,38,Good
61,2024-08-31,21,19,Good
53,2024-08-31,21,44,Good
63,2024-08-31,21,21,Good
54,2024-08-31,21,43,Good
49,2024-08-31,21,44,Good
52,2024-08-31,21,45,Good
51,2024-08-31,21,52,Moderate
50,2024-08-31,21,44,Good
48,2024-08-31,21,45,Good
47,2024-08-31,21,48,Good
46,2024-08-31,21,44,Good
45,2024-08-31,21,44,Good
66,2024-08-31,21,39,Good
44,2024-08-31,21,46,Good
65,2024-08-31,21,47,Good
78,2024-08-31,21,71,Moderate
67,2024-08-31,21,74,Moderate
84,2024-08-31,21,49,Good
313,2024-08-31,21,19,Good
312,2024-08-31,21,NULL,NULL
311,2024-08-31,21,58,Moderate
204,2024-08-31,21,52,Moderate
203,2024-08-31,21,49,Good
202,2024-08-31,21,40,Good
201,2024-08-31,21,66,Moderate
85,2024-08-31,21,44,Good
83,2024-08-31,21,44,Good
68,2024-08-31,21,67,Moderate
80,2024-08-31,21,19,Good
42,2024-08-31,21,47,Good
77,2024-08-31,21,43,Good
75,2024-08-31,21,45,Good
72,2024-08-31,21,71,Moderate
71,2024-08-31,21,44,Good
70,2024-08-31,21,67,Moderate
69,2024-08-31,21,64,Moderate
43,2024-08-31,21,44,Good
64,2024-08-31,21,40,Good
41,2024-08-31,21,42,Good
10,2024-08-31,21,52,Moderate
18,2024-08-31,21,57,Moderate
17,2024-08-31,21,55,Moderate
16,2024-08-31,21,80,Moderate
15,2024-08-31,21,67,Moderate
14,2024-08-31,21,68,Moderate
13,2024-08-31,21,61,Moderate
1,2024-08-31,21,84,Moderate
11,2024-08-31,21,48,Good
9,2024-08-31,21,57,Moderate
20,2024-08-31,21,59,Moderate
8,2024-08-31,21,69,Moderate
7,2024-08-31,21,65,Moderate
6,2024-08-31,21,67,Moderate
5,2024-08-31,21,71,Moderate
4,2024-08-31,21,67,Moderate
3,2024-08-31,21,54,Moderate
2,2024-08-31,21,66,Moderate
40,2024-08-31,21,41,Good
19,2024-08-31,21,68,Moderate
12,2024-08-31,21,67,Moderate
21,2024-08-31,21,64,Moderate
30,2024-08-31,21,53,Moderate
38,2024-08-31,21,60,Moderate
37,2024-08-31,21,58,Moderate
36,2024-08-31,21,60,Moderate
35,2024-08-31,21,63,Moderate
34,2024-08-31,21,45,Good
33,2024-08-31,21,55,Moderate
32,2024-08-31,21,48,Good
31,2024-08-31,21,52,Moderate
39,2024-08-31,21,45,Good
29,2024-08-31,21,45,Good
28,2024-08-31,21,47,Good
27,2024-08-31,21,46,Good
26,2024-08-31,21,45,Good
25,2024-08-31,21,51,Moderate
24,2024-08-31,21,45,Good
23,2024-08-31,21,50,Good
22,2024-08-31,21,65,Moderate
59,2024-08-31,20,51,Moderate
56,2024-08-31,20,45,Good
57,2024-08-31,20,50,Good
58,2024-08-31,20,52,Moderate
63,2024-08-31,20,22,Good
60,2024-08-31,20,42,Good
61,2024-08-31,20,17,Good
62,2024-08-31,20,19,Good
53,2024-08-31,20,48,Good
54,2024-08-31,20,46,Good
49,2024-08-31,20,48,Good
52,2024-08-31,20,50,Good
51,2024-08-31,20,56,Moderate
50,2024-08-31,20,47,Good
66,2024-08-31,20,31,Good
48,2024-08-31,20,52,Moderate
47,2024-08-31,20,49,Good
46,2024-08-31,20,46,Good
45,2024-08-31,20,46,Good
44,2024-08-31,20,48,Good
65,2024-08-31,20,47,Good
42,2024-08-31,20,50,Good
67,2024-08-31,20,73,Moderate
84,2024-08-31,20,49,Good
313,2024-08-31,20,23,Good
312,2024-08-31,20,NULL,NULL
311,2024-08-31,20,56,Moderate
204,2024-08-31,20,58,Moderate
203,2024-08-31,20,46,Good
202,2024-08-31,20,42,Good
201,2024-08-31,20,62,Moderate
85,2024-08-31,20,45,Good
83,2024-08-31,20,43,Good
68,2024-08-31,20,64,Moderate
80,2024-08-31,20,18,Good
78,2024-08-31,20,67,Moderate
77,2024-08-31,20,42,Good
75,2024-08-31,20,47,Good
72,2024-08-31,20,74,Moderate
71,2024-08-31,20,46,Good
70,2024-08-31,20,66,Moderate
69,2024-08-31,20,62,Moderate
43,2024-08-31,20,46,Good
64,2024-08-31,20,41,Good
41,2024-08-31,20,44,Good
9,2024-08-31,20,56,Moderate
18,2024-08-31,20,55,Moderate
17,2024-08-31,20,54,Moderate
16,2024-08-31,20,78,Moderate
15,2024-08-31,20,66,Moderate
14,2024-08-31,20,71,Moderate
13,2024-08-31,20,60,Moderate
12,2024-08-31,20,64,Moderate
10,2024-08-31,20,51,Moderate
8,2024-08-31,20,68,Moderate
20,2024-08-31,20,57,Moderate
7,2024-08-31,20,64,Moderate
6,2024-08-31,20,97,Moderate
5,2024-08-31,20,100,Moderate
4,2024-08-31,20,77,Moderate
3,2024-08-31,20,67,Moderate
2,2024-08-31,20,71,Moderate
1,2024-08-31,20,90,Moderate
40,2024-08-31,20,43,Good
19,2024-08-31,20,61,Moderate
11,2024-08-31,20,50,Good
21,2024-08-31,20,64,Moderate
30,2024-08-31,20,52,Moderate
38,2024-08-31,20,60,Moderate
37,2024-08-31,20,56,Moderate
36,2024-08-31,20,58,Moderate
35,2024-08-31,20,59,Moderate
34,2024-08-31,20,46,Good
33,2024-08-31,20,56,Moderate
32,2024-08-31,20,46,Good
31,2024-08-31,20,52,Moderate
39,2024-08-31,20,46,Good
29,2024-08-31,20,45,Good
28,2024-08-31,20,47,Good
27,2024-08-31,20,49,Good
26,2024-08-31,20,44,Good
25,2024-08-31,20,55,Moderate
24,2024-08-31,20,44,Good
23,2024-08-31,20,52,Moderate
22,2024-08-31,20,62,Moderate
59,2024-08-31,19,58,Moderate
56,2024-08-31,19,49,Good
57,2024-08-31,19,52,Moderate
58,2024-08-31,19,56,Moderate
63,2024-08-31,19,23,Good
60,2024-08-31,19,45,Good
61,2024-08-31,19,NULL,NULL
62,2024-08-31,19,19,Good
53,2024-08-31,19,51,Moderate
54,2024-08-31,19,48,Good
49,2024-08-31,19,53,Moderate
52,2024-08-31,19,64,Moderate
51,2024-08-31,19,60,Moderate
50,2024-08-31,19,53,Moderate
65,2024-08-31,19,46,Good
48,2024-08-31,19,55,Moderate
47,2024-08-31,19,50,Good
46,2024-08-31,19,49,Good
45,2024-08-31,19,49,Good
44,2024-08-31,19,49,Good
64,2024-08-31,19,41,Good
312,2024-08-31,19,NULL,NULL
66,2024-08-31,19,31,Good
83,2024-08-31,19,46,Good
313,2024-08-31,19,26,Good
311,2024-08-31,19,58,Moderate
204,2024-08-31,19,67,Moderate
203,2024-08-31,19,47,Good
202,2024-08-31,19,44,Good
201,2024-08-31,19,59,Moderate
85,2024-08-31,19,46,Good
84,2024-08-31,19,49,Good
80,2024-08-31,19,19,Good
67,2024-08-31,19,71,Moderate
78,2024-08-31,19,64,Moderate
77,2024-08-31,19,42,Good
75,2024-08-31,19,49,Good
72,2024-08-31,19,71,Moderate
71,2024-08-31,19,51,Moderate
70,2024-08-31,19,77,Moderate
69,2024-08-31,19,74,Moderate
68,2024-08-31,19,63,Moderate
43,2024-08-31,19,48,Good
42,2024-08-31,19,58,Moderate
41,2024-08-31,19,44,Good
9,2024-08-31,19,50,Good
18,2024-08-31,19,49,Good
17,2024-08-31,19,52,Moderate
16,2024-08-31,19,76,Moderate
15,2024-08-31,19,74,Moderate
14,2024-08-31,19,90,Moderate
13,2024-08-31,19,67,Moderate
12,2024-08-31,19,62,Moderate
11,2024-08-31,19,53,Moderate
8,2024-08-31,19,71,Moderate
20,2024-08-31,19,54,Moderate
7,2024-08-31,19,71,Moderate
6,2024-08-31,19,115,"Unhealthy for Sensitive Groups"
5,2024-08-31,19,118,"Unhealthy for Sensitive Groups"
4,2024-08-31,19,97,Moderate
3,2024-08-31,19,84,Moderate
2,2024-08-31,19,77,Moderate
1,2024-08-31,19,90,Moderate
40,2024-08-31,19,45,Good
19,2024-08-31,19,56,Moderate
10,2024-08-31,19,51,Moderate
21,2024-08-31,19,74,Moderate
31,2024-08-31,19,52,Moderate
22,2024-08-31,19,58,Moderate
38,2024-08-31,19,61,Moderate
37,2024-08-31,19,58,Moderate
36,2024-08-31,19,64,Moderate
35,2024-08-31,19,54,Moderate
34,2024-08-31,19,48,Good
33,2024-08-31,19,57,Moderate
32,2024-08-31,19,44,Good
39,2024-08-31,19,46,Good
30,2024-08-31,19,52,Moderate
26,2024-08-31,19,44,Good
24,2024-08-31,19,44,Good
25,2024-08-31,19,52,Moderate
23,2024-08-31,19,61,Moderate
27,2024-08-31,19,52,Moderate
28,2024-08-31,19,49,Good
29,2024-08-31,19,46,Good
65,2024-08-31,18,44,Good
56,2024-08-31,18,50,Good
64,2024-08-31,18,41,Good
63,2024-08-31,18,24,Good
62,2024-08-31,18,33,Good
61,2024-08-31,18,19,Good
60,2024-08-31,18,48,Good
59,2024-08-31,18,61,Moderate
58,2024-08-31,18,60,Moderate
57,2024-08-31,18,54,Moderate
51,2024-08-31,18,67,Moderate
54,2024-08-31,18,50,Good
53,2024-08-31,18,53,Moderate
52,2024-08-31,18,71,Moderate
67,2024-08-31,18,69,Moderate
50,2024-08-31,18,55,Moderate
49,2024-08-31,18,58,Moderate
48,2024-08-31,18,59,Moderate
47,2024-08-31,18,50,Good
46,2024-08-31,18,53,Moderate
66,2024-08-31,18,33,Good
1,2024-08-31,18,90,Moderate
68,2024-08-31,18,60,Moderate
85,2024-08-31,18,48,Good
44,2024-08-31,18,53,Moderate
313,2024-08-31,18,28,Good
312,2024-08-31,18,NULL,NULL
311,2024-08-31,18,64,Moderate
204,2024-08-31,18,74,Moderate
203,2024-08-31,18,51,Moderate
202,2024-08-31,18,47,Good
201,2024-08-31,18,61,Moderate
84,2024-08-31,18,48,Good
69,2024-08-31,18,80,Moderate
83,2024-08-31,18,45,Good
80,2024-08-31,18,19,Good
78,2024-08-31,18,58,Moderate
77,2024-08-31,18,45,Good
75,2024-08-31,18,50,Good
72,2024-08-31,18,71,Moderate
71,2024-08-31,18,54,Moderate
70,2024-08-31,18,84,Moderate
45,2024-08-31,18,51,Moderate
21,2024-08-31,18,84,Moderate
43,2024-08-31,18,55,Moderate
10,2024-08-31,18,48,Good
19,2024-08-31,18,51,Moderate
18,2024-08-31,18,45,Good
17,2024-08-31,18,51,Moderate
16,2024-08-31,18,72,Moderate
15,2024-08-31,18,77,Moderate
14,2024-08-31,18,97,Moderate
13,2024-08-31,18,77,Moderate
11,2024-08-31,18,50,Good
9,2024-08-31,18,45,Good
22,2024-08-31,18,54,Moderate
8,2024-08-31,18,71,Moderate
7,2024-08-31,18,71,Moderate
6,2024-08-31,18,126,"Unhealthy for Sensitive Groups"
5,2024-08-31,18,129,"Unhealthy for Sensitive Groups"
4,2024-08-31,18,104,"Unhealthy for Sensitive Groups"
3,2024-08-31,18,90,Moderate
2,2024-08-31,18,80,Moderate
42,2024-08-31,18,67,Moderate
20,2024-08-31,18,51,Moderate
12,2024-08-31,18,61,Moderate
41,2024-08-31,18,47,Good
32,2024-08-31,18,45,Good
23,2024-08-31,18,67,Moderate
40,2024-08-31,18,47,Good
39,2024-08-31,18,47,Good
38,2024-08-31,18,59,Moderate
37,2024-08-31,18,67,Moderate
36,2024-08-31,18,77,Moderate
34,2024-08-31,18,49,Good
33,2024-08-31,18,54,Moderate
35,2024-08-31,18,52,Moderate
31,2024-08-31,18,50,Good
28,2024-08-31,18,50,Good
25,2024-08-31,18,49,Good
26,2024-08-31,18,44,Good
27,2024-08-31,18,51,Moderate
24,2024-08-31,18,43,Good
29,2024-08-31,18,45,Good
30,2024-08-31,18,61,Moderate
53,2024-08-31,17,55,Moderate
63,2024-08-31,17,24,Good
62,2024-08-31,17,33,Good
61,2024-08-31,17,19,Good
60,2024-08-31,17,50,Good
59,2024-08-31,17,61,Moderate
58,2024-08-31,17,62,Moderate
57,2024-08-31,17,56,Moderate
56,2024-08-31,17,52,Moderate
54,2024-08-31,17,50,Good
44,2024-08-31,17,54,Moderate
52,2024-08-31,17,71,Moderate
51,2024-08-31,17,74,Moderate
50,2024-08-31,17,57,Moderate
49,2024-08-31,17,58,Moderate
48,2024-08-31,17,61,Moderate
47,2024-08-31,17,49,Good
46,2024-08-31,17,55,Moderate
45,2024-08-31,17,51,Moderate
66,2024-08-31,17,35,Good
65,2024-08-31,17,41,Good
313,2024-08-31,17,29,Good
67,2024-08-31,17,67,Moderate
84,2024-08-31,17,46,Good
64,2024-08-31,17,40,Good
312,2024-08-31,17,NULL,NULL
311,2024-08-31,17,64,Moderate
204,2024-08-31,17,77,Moderate
203,2024-08-31,17,52,Moderate
202,2024-08-31,17,45,Good
201,2024-08-31,17,62,Moderate
85,2024-08-31,17,48,Good
83,2024-08-31,17,44,Good
68,2024-08-31,17,60,Moderate
80,2024-08-31,17,19,Good
78,2024-08-31,17,50,Good
77,2024-08-31,17,45,Good
75,2024-08-31,17,50,Good
72,2024-08-31,17,64,Moderate
71,2024-08-31,17,54,Moderate
70,2024-08-31,17,77,Moderate
69,2024-08-31,17,80,Moderate
43,2024-08-31,17,58,Moderate
42,2024-08-31,17,71,Moderate
41,2024-08-31,17,47,Good
9,2024-08-31,17,45,Good
18,2024-08-31,17,42,Good
17,2024-08-31,17,50,Good
16,2024-08-31,17,68,Moderate
15,2024-08-31,17,71,Moderate
14,2024-08-31,17,93,Moderate
13,2024-08-31,17,74,Moderate
12,2024-08-31,17,58,Moderate
11,2024-08-31,17,49,Good
8,2024-08-31,17,67,Moderate
20,2024-08-31,17,52,Moderate
7,2024-08-31,17,67,Moderate
6,2024-08-31,17,126,"Unhealthy for Sensitive Groups"
5,2024-08-31,17,126,"Unhealthy for Sensitive Groups"
4,2024-08-31,17,101,"Unhealthy for Sensitive Groups"
3,2024-08-31,17,87,Moderate
2,2024-08-31,17,74,Moderate
1,2024-08-31,17,84,Moderate
40,2024-08-31,17,47,Good
19,2024-08-31,17,39,Good
10,2024-08-31,17,44,Good
21,2024-08-31,17,77,Moderate
31,2024-08-31,17,48,Good
22,2024-08-31,17,54,Moderate
38,2024-08-31,17,58,Moderate
37,2024-08-31,17,71,Moderate
36,2024-08-31,17,80,Moderate
35,2024-08-31,17,49,Good
34,2024-08-31,17,48,Good
33,2024-08-31,17,54,Moderate
32,2024-08-31,17,47,Good
39,2024-08-31,17,48,Good
30,2024-08-31,17,67,Moderate
26,2024-08-31,17,44,Good
24,2024-08-31,17,44,Good
25,2024-08-31,17,48,Good
23,2024-08-31,17,67,Moderate
27,2024-08-31,17,51,Moderate
28,2024-08-31,17,51,Moderate
29,2024-08-31,17,45,Good
22,2024-08-31,16,54,Moderate
31,2024-08-31,16,47,Good
23,2024-08-31,16,54,Moderate
24,2024-08-31,16,44,Good
25,2024-08-31,16,48,Good
26,2024-08-31,16,44,Good
27,2024-08-31,16,53,Moderate
28,2024-08-31,16,49,Good
29,2024-08-31,16,47,Good
30,2024-08-31,16,61,Moderate
35,2024-08-31,16,52,Moderate
32,2024-08-31,16,45,Good
33,2024-08-31,16,54,Moderate
34,2024-08-31,16,49,Good
19,2024-08-31,16,39,Good
36,2024-08-31,16,71,Moderate
37,2024-08-31,16,67,Moderate
38,2024-08-31,16,59,Moderate
39,2024-08-31,16,52,Moderate
40,2024-08-31,16,51,Moderate
20,2024-08-31,16,52,Moderate
313,2024-08-31,16,29,Good
18,2024-08-31,16,42,Good
7,2024-08-31,16,58,Moderate
42,2024-08-31,16,71,Moderate
204,2024-08-31,16,74,Moderate
1,2024-08-31,16,67,Moderate
2,2024-08-31,16,58,Moderate
3,2024-08-31,16,67,Moderate
4,2024-08-31,16,90,Moderate
5,2024-08-31,16,115,"Unhealthy for Sensitive Groups"
6,2024-08-31,16,112,"Unhealthy for Sensitive Groups"
8,2024-08-31,16,65,Moderate
17,2024-08-31,16,48,Good
9,2024-08-31,16,46,Good
10,2024-08-31,16,42,Good
11,2024-08-31,16,47,Good
12,2024-08-31,16,58,Moderate
13,2024-08-31,16,64,Moderate
14,2024-08-31,16,80,Moderate
15,2024-08-31,16,57,Moderate
16,2024-08-31,16,69,Moderate
41,2024-08-31,16,49,Good
21,2024-08-31,16,71,Moderate
43,2024-08-31,16,61,Moderate
77,2024-08-31,16,51,Moderate
65,2024-08-31,16,39,Good
66,2024-08-31,16,36,Good
67,2024-08-31,16,69,Moderate
68,2024-08-31,16,61,Moderate
69,2024-08-31,16,71,Moderate
70,2024-08-31,16,65,Moderate
71,2024-08-31,16,60,Moderate
72,2024-08-31,16,64,Moderate
78,2024-08-31,16,48,Good
63,2024-08-31,16,23,Good
80,2024-08-31,16,18,Good
83,2024-08-31,16,45,Good
84,2024-08-31,16,44,Good
85,2024-08-31,16,48,Good
201,2024-08-31,16,67,Moderate
202,2024-08-31,16,48,Good
203,2024-08-31,16,54,Moderate
311,2024-08-31,16,58,Moderate
64,2024-08-31,16,38,Good
75,2024-08-31,16,50,Good
44,2024-08-31,16,57,Moderate
53,2024-08-31,16,56,Moderate
312,2024-08-31,16,NULL,NULL
45,2024-08-31,16,54,Moderate
46,2024-08-31,16,57,Moderate
47,2024-08-31,16,50,Good
48,2024-08-31,16,65,Moderate
49,2024-08-31,16,62,Moderate
51,2024-08-31,16,80,Moderate
52,2024-08-31,16,64,Moderate
50,2024-08-31,16,59,Moderate
54,2024-08-31,16,53,Moderate
58,2024-08-31,16,67,Moderate
61,2024-08-31,16,19,Good
60,2024-08-31,16,53,Moderate
59,2024-08-31,16,60,Moderate
62,2024-08-31,16,34,Good
57,2024-08-31,16,59,Moderate
56,2024-08-31,16,56,Moderate
54,2024-08-31,15,56,Moderate
64,2024-08-31,15,36,Good
63,2024-08-31,15,22,Good
62,2024-08-31,15,35,Good
61,2024-08-31,15,19,Good
60,2024-08-31,15,58,Moderate
59,2024-08-31,15,65,Moderate
58,2024-08-31,15,71,Moderate
57,2024-08-31,15,67,Moderate
56,2024-08-31,15,62,Moderate
45,2024-08-31,15,57,Moderate
53,2024-08-31,15,61,Moderate
52,2024-08-31,15,65,Moderate
51,2024-08-31,15,86,Moderate
50,2024-08-31,15,63,Moderate
49,2024-08-31,15,66,Moderate
48,2024-08-31,15,68,Moderate
47,2024-08-31,15,45,Good
46,2024-08-31,15,61,Moderate
66,2024-08-31,15,38,Good
65,2024-08-31,15,37,Good
313,2024-08-31,15,28,Good
67,2024-08-31,15,71,Moderate
84,2024-08-31,15,44,Good
43,2024-08-31,15,62,Moderate
312,2024-08-31,15,NULL,NULL
311,2024-08-31,15,58,Moderate
204,2024-08-31,15,73,Moderate
203,2024-08-31,15,56,Moderate
202,2024-08-31,15,53,Moderate
201,2024-08-31,15,70,Moderate
85,2024-08-31,15,47,Good
83,2024-08-31,15,44,Good
68,2024-08-31,15,59,Moderate
80,2024-08-31,15,17,Good
78,2024-08-31,15,46,Good
77,2024-08-31,15,55,Moderate
75,2024-08-31,15,49,Good
72,2024-08-31,15,63,Moderate
71,2024-08-31,15,64,Moderate
70,2024-08-31,15,67,Moderate
69,2024-08-31,15,74,Moderate
44,2024-08-31,15,60,Moderate
24,2024-08-31,15,41,Good
42,2024-08-31,15,63,Moderate
9,2024-08-31,15,47,Good
18,2024-08-31,15,43,Good
17,2024-08-31,15,44,Good
16,2024-08-31,15,69,Moderate
15,2024-08-31,15,58,Moderate
14,2024-08-31,15,64,Moderate
13,2024-08-31,15,54,Moderate
12,2024-08-31,15,61,Moderate
11,2024-08-31,15,44,Good
8,2024-08-31,15,67,Moderate
20,2024-08-31,15,51,Moderate
7,2024-08-31,15,60,Moderate
6,2024-08-31,15,97,Moderate
5,2024-08-31,15,93,Moderate
4,2024-08-31,15,74,Moderate
3,2024-08-31,15,54,Moderate
2,2024-08-31,15,59,Moderate
1,2024-08-31,15,53,Moderate
41,2024-08-31,15,49,Good
19,2024-08-31,15,39,Good
10,2024-08-31,15,46,Good
21,2024-08-31,15,63,Moderate
32,2024-08-31,15,48,Good
22,2024-08-31,15,54,Moderate
39,2024-08-31,15,57,Moderate
38,2024-08-31,15,61,Moderate
37,2024-08-31,15,65,Moderate
36,2024-08-31,15,67,Moderate
35,2024-08-31,15,57,Moderate
34,2024-08-31,15,56,Moderate
33,2024-08-31,15,60,Moderate
40,2024-08-31,15,55,Moderate
31,2024-08-31,15,54,Moderate
27,2024-08-31,15,56,Moderate
25,2024-08-31,15,50,Good
26,2024-08-31,15,44,Good
23,2024-08-31,15,44,Good
28,2024-08-31,15,53,Moderate
29,2024-08-31,15,52,Moderate
30,2024-08-31,15,59,Moderate
23,2024-08-31,14,43,Good
32,2024-08-31,14,55,Moderate
24,2024-08-31,14,43,Good
25,2024-08-31,14,54,Moderate
26,2024-08-31,14,50,Good
27,2024-08-31,14,58,Moderate
28,2024-08-31,14,56,Moderate
29,2024-08-31,14,58,Moderate
30,2024-08-31,14,64,Moderate
31,2024-08-31,14,55,Moderate
36,2024-08-31,14,71,Moderate
33,2024-08-31,14,67,Moderate
34,2024-08-31,14,59,Moderate
35,2024-08-31,14,64,Moderate
21,2024-08-31,14,56,Moderate
37,2024-08-31,14,69,Moderate
38,2024-08-31,14,68,Moderate
39,2024-08-31,14,59,Moderate
40,2024-08-31,14,57,Moderate
41,2024-08-31,14,46,Good
22,2024-08-31,14,53,Moderate
313,2024-08-31,14,26,Good
20,2024-08-31,14,53,Moderate
9,2024-08-31,14,45,Good
1,2024-08-31,14,55,Moderate
2,2024-08-31,14,60,Moderate
3,2024-08-31,14,52,Moderate
4,2024-08-31,14,61,Moderate
5,2024-08-31,14,67,Moderate
6,2024-08-31,14,77,Moderate
7,2024-08-31,14,61,Moderate
8,2024-08-31,14,70,Moderate
10,2024-08-31,14,47,Good
19,2024-08-31,14,39,Good
11,2024-08-31,14,44,Good
12,2024-08-31,14,63,Moderate
13,2024-08-31,14,56,Moderate
14,2024-08-31,14,64,Moderate
15,2024-08-31,14,61,Moderate
16,2024-08-31,14,71,Moderate
17,2024-08-31,14,44,Good
18,2024-08-31,14,44,Good
42,2024-08-31,14,64,Moderate
43,2024-08-31,14,63,Moderate
44,2024-08-31,14,59,Moderate
84,2024-08-31,14,44,Good
69,2024-08-31,14,77,Moderate
70,2024-08-31,14,68,Moderate
71,2024-08-31,14,66,Moderate
72,2024-08-31,14,60,Moderate
75,2024-08-31,14,48,Good
77,2024-08-31,14,60,Moderate
78,2024-08-31,14,44,Good
80,2024-08-31,14,15,Good
85,2024-08-31,14,46,Good
67,2024-08-31,14,72,Moderate
201,2024-08-31,14,72,Moderate
202,2024-08-31,14,60,Moderate
203,2024-08-31,14,NULL,NULL
204,2024-08-31,14,72,Moderate
311,2024-08-31,14,55,Moderate
312,2024-08-31,14,55,Moderate
61,2024-08-31,14,NULL,NULL
45,2024-08-31,14,60,Moderate
68,2024-08-31,14,57,Moderate
83,2024-08-31,14,46,Good
66,2024-08-31,14,39,Good
54,2024-08-31,14,64,Moderate
65,2024-08-31,14,35,Good
47,2024-08-31,14,47,Good
48,2024-08-31,14,72,Moderate
49,2024-08-31,14,72,Moderate
50,2024-08-31,14,66,Moderate
51,2024-08-31,14,83,Moderate
52,2024-08-31,14,68,Moderate
53,2024-08-31,14,65,Moderate
46,2024-08-31,14,64,Moderate
56,2024-08-31,14,67,Moderate
60,2024-08-31,14,53,Moderate
63,2024-08-31,14,21,Good
62,2024-08-31,14,17,Good
64,2024-08-31,14,37,Good
59,2024-08-31,14,62,Moderate
58,2024-08-31,14,73,Moderate
57,2024-08-31,14,73,Moderate
64,2024-08-31,13,38,Good
54,2024-08-31,13,68,Moderate
63,2024-08-31,13,21,Good
62,2024-08-31,13,17,Good
61,2024-08-31,13,19,Good
60,2024-08-31,13,48,Good
59,2024-08-31,13,58,Moderate
58,2024-08-31,13,68,Moderate
57,2024-08-31,13,73,Moderate
56,2024-08-31,13,68,Moderate
50,2024-08-31,13,64,Moderate
53,2024-08-31,13,66,Moderate
52,2024-08-31,13,68,Moderate
51,2024-08-31,13,74,Moderate
67,2024-08-31,13,74,Moderate
49,2024-08-31,13,76,Moderate
48,2024-08-31,13,76,Moderate
47,2024-08-31,13,47,Good
46,2024-08-31,13,67,Moderate
45,2024-08-31,13,62,Moderate
66,2024-08-31,13,39,Good
43,2024-08-31,13,62,Moderate
68,2024-08-31,13,56,Moderate
85,2024-08-31,13,45,Good
23,2024-08-31,13,43,Good
313,2024-08-31,13,22,Good
312,2024-08-31,13,54,Moderate
311,2024-08-31,13,53,Moderate
204,2024-08-31,13,68,Moderate
203,2024-08-31,13,58,Moderate
202,2024-08-31,13,65,Moderate
201,2024-08-31,13,74,Moderate
84,2024-08-31,13,42,Good
69,2024-08-31,13,76,Moderate
83,2024-08-31,13,49,Good
80,2024-08-31,13,14,Good
78,2024-08-31,13,44,Good
77,2024-08-31,13,65,Moderate
75,2024-08-31,13,46,Good
72,2024-08-31,13,55,Moderate
71,2024-08-31,13,64,Moderate
70,2024-08-31,13,66,Moderate
44,2024-08-31,13,61,Moderate
65,2024-08-31,13,36,Good
42,2024-08-31,13,62,Moderate
11,2024-08-31,13,45,Good
20,2024-08-31,13,51,Moderate
19,2024-08-31,13,43,Good
18,2024-08-31,13,44,Good
17,2024-08-31,13,44,Good
16,2024-08-31,13,72,Moderate
15,2024-08-31,13,61,Moderate
14,2024-08-31,13,63,Moderate
13,2024-08-31,13,55,Moderate
10,2024-08-31,13,48,Good
22,2024-08-31,13,54,Moderate
9,2024-08-31,13,43,Good
8,2024-08-31,13,67,Moderate
7,2024-08-31,13,61,Moderate
6,2024-08-31,13,61,Moderate
5,2024-08-31,13,57,Moderate
4,2024-08-31,13,60,Moderate
3,2024-08-31,13,53,Moderate
1,2024-08-31,13,54,Moderate
21,2024-08-31,13,55,Moderate
12,2024-08-31,13,64,Moderate
41,2024-08-31,13,50,Good
32,2024-08-31,13,60,Moderate
2,2024-08-31,13,58,Moderate
40,2024-08-31,13,60,Moderate
39,2024-08-31,13,59,Moderate
38,2024-08-31,13,73,Moderate
37,2024-08-31,13,69,Moderate
36,2024-08-31,13,72,Moderate
34,2024-08-31,13,60,Moderate
33,2024-08-31,13,70,Moderate
35,2024-08-31,13,68,Moderate
31,2024-08-31,13,63,Moderate
28,2024-08-31,13,57,Moderate
25,2024-08-31,13,58,Moderate
26,2024-08-31,13,55,Moderate
27,2024-08-31,13,62,Moderate
24,2024-08-31,13,46,Good
29,2024-08-31,13,63,Moderate
30,2024-08-31,13,70,Moderate
56,2024-08-31,12,65,Moderate
65,2024-08-31,12,38,Good
64,2024-08-31,12,39,Good
63,2024-08-31,12,22,Good
62,2024-08-31,12,16,Good
61,2024-08-31,12,18,Good
60,2024-08-31,12,44,Good
59,2024-08-31,12,59,Moderate
58,2024-08-31,12,66,Moderate
57,2024-08-31,12,71,Moderate
46,2024-08-31,12,68,Moderate
54,2024-08-31,12,67,Moderate
53,2024-08-31,12,63,Moderate
52,2024-08-31,12,65,Moderate
51,2024-08-31,12,67,Moderate
50,2024-08-31,12,61,Moderate
49,2024-08-31,12,71,Moderate
48,2024-08-31,12,75,Moderate
47,2024-08-31,12,44,Good
67,2024-08-31,12,74,Moderate
66,2024-08-31,12,39,Good
3,2024-08-31,12,51,Moderate
68,2024-08-31,12,58,Moderate
85,2024-08-31,12,45,Good
44,2024-08-31,12,61,Moderate
313,2024-08-31,12,19,Good
312,2024-08-31,12,56,Moderate
311,2024-08-31,12,52,Moderate
204,2024-08-31,12,63,Moderate
203,2024-08-31,12,60,Moderate
202,2024-08-31,12,70,Moderate
201,2024-08-31,12,76,Moderate
84,2024-08-31,12,43,Good
69,2024-08-31,12,74,Moderate
83,2024-08-31,12,53,Moderate
80,2024-08-31,12,15,Good
78,2024-08-31,12,44,Good
77,2024-08-31,12,65,Moderate
75,2024-08-31,12,45,Good
72,2024-08-31,12,56,Moderate
71,2024-08-31,12,59,Moderate
70,2024-08-31,12,62,Moderate
45,2024-08-31,12,63,Moderate
43,2024-08-31,12,65,Moderate
12,2024-08-31,12,64,Moderate
10,2024-08-31,12,51,Moderate
20,2024-08-31,12,49,Good
19,2024-08-31,12,46,Good
17,2024-08-31,12,44,Good
16,2024-08-31,12,70,Moderate
15,2024-08-31,12,61,Moderate
14,2024-08-31,12,60,Moderate
13,2024-08-31,12,53,Moderate
11,2024-08-31,12,45,Good
1,2024-08-31,12,54,Moderate
22,2024-08-31,12,55,Moderate
9,2024-08-31,12,45,Good
8,2024-08-31,12,67,Moderate
7,2024-08-31,12,60,Moderate
6,2024-08-31,12,60,Moderate
5,2024-08-31,12,52,Moderate
4,2024-08-31,12,60,Moderate
2,2024-08-31,12,57,Moderate
42,2024-08-31,12,61,Moderate
21,2024-08-31,12,53,Moderate
