site_id,date,time,so2,co,o3,no2,nox,no
22,2024-08-31,23,1,0,35,2,3,0
31,2024-08-31,23,2,0,28,8,9,2
23,2024-08-31,23,0,0,25,3,4,1
24,2024-08-31,23,1,0,30,4,5,1
25,2024-08-31,23,1,0,34,2,3,1
26,2024-08-31,23,1,0,35,4,5,1
27,2024-08-31,23,1,0,35,2,3,1
28,2024-08-31,23,1,0,25,7,7,1
29,2024-08-31,23,3,0,30,7,8,0
30,2024-08-31,23,1,0,29,6,6,1
32,2024-08-31,23,2,0,29,7,8,0
20,2024-08-31,23,0,0,23,10,11,1
34,2024-08-31,23,1,0,41,4,4,0
35,2024-08-31,23,0,0,31,3,4,1
36,2024-08-31,23,1,0,36,4,5,1
37,2024-08-31,23,1,0,31,5,6,1
38,2024-08-31,23,0,0,32,2,4,1
39,2024-08-31,23,2,0,34,4,5,0
40,2024-08-31,23,1,0,36,7,8,1
41,2024-08-31,23,1,0,36,3,4,1
21,2024-08-31,23,2,0,27,5,5,1
19,2024-08-31,23,1,0,31,8,8,0
43,2024-08-31,23,1,0,29,11,12,1
8,2024-08-31,23,1,0,37,11,12,1
313,2024-08-31,23,0,0,15,1,1,0
1,2024-08-31,23,2,0,28,10,10,0
2,2024-08-31,23,1,0,24,14,16,2
3,2024-08-31,23,0,0,26,5,5,1
4,2024-08-31,23,1,0,26,9,10,1
5,2024-08-31,23,0,0,19,15,15,1
6,2024-08-31,23,2,0,26,14,16,2
7,2024-08-31,23,2,0,29,12,12,1
9,2024-08-31,23,1,0,28,15,16,1
18,2024-08-31,23,1,0,26,12,13,1
10,2024-08-31,23,1,0,27,13,14,1
11,2024-08-31,23,0,0,26,13,14,1
12,2024-08-31,23,1,0,28,20,20,1
13,2024-08-31,23,1,0,29,16,17,1
14,2024-08-31,23,2,0,33,11,11,1
15,2024-08-31,23,1,0,35,12,12,1
16,2024-08-31,23,1,1,20,27,39,12
17,2024-08-31,23,1,0,29,8,9,1
42,2024-08-31,23,1,0,34,5,5,0
33,2024-08-31,23,2,0,29,7,8,1
44,2024-08-31,23,2,0,34,5,6,1
65,2024-08-31,23,1,0,29,4,4,0
67,2024-08-31,23,1,1,18,29,58,29
68,2024-08-31,23,1,1,17,18,31,13
69,2024-08-31,23,1,0,26,5,6,1
70,2024-08-31,23,1,1,26,14,16,2
71,2024-08-31,23,0,0,35,11,14,2
72,2024-08-31,23,1,0,30,4,6,1
75,2024-08-31,23,1,0,40,4,4,1
45,2024-08-31,23,1,0,38,6,6,0
78,2024-08-31,23,2,0,58,1,3,2
80,2024-08-31,23,1,0,9,1,2,0
83,2024-08-31,23,1,0,38,3,4,0
84,2024-08-31,23,1,0,42,2,3,0
85,2024-08-31,23,1,0,48,NULL,NULL,NULL
201,2024-08-31,23,3,0,28,6,8,2
202,2024-08-31,23,2,0,34,5,6,1
203,2024-08-31,23,1,0,23,13,14,1
204,2024-08-31,23,0,0,36,4,4,0
311,2024-08-31,23,1,0,15,10,11,1
312,2024-08-31,23,NULL,NULL,NULL,NULL,NULL,NULL
66,2024-08-31,23,0,0,35,3,4,1
77,2024-08-31,23,2,0,23,15,16,1
64,2024-08-31,23,1,0,39,2,2,1
54,2024-08-31,23,2,0,24,15,15,1
47,2024-08-31,23,1,0,32,2,3,1
48,2024-08-31,23,1,0,35,5,6,1
49,2024-08-31,23,3,0,27,13,13,0
50,2024-08-31,23,1,0,36,8,8,1
51,2024-08-31,23,1,0,29,8,9,1
52,2024-08-31,23,2,0,30,6,7,1
53,2024-08-31,23,1,0,29,10,11,1
46,2024-08-31,23,0,0,40,8,8,1
56,2024-08-31,23,1,0,29,13,14,1
58,2024-08-31,23,1,0,33,11,13,2
59,2024-08-31,23,1,0,26,8,8,1
60,2024-08-31,23,1,0,20,2,3,1
61,2024-08-31,23,1,0,17,2,3,1
62,2024-08-31,23,2,0,16,5,6,1
63,2024-08-31,23,0,0,18,4,5,1
57,2024-08-31,23,1,0,33,13,14,1
26,2024-08-31,22,1,0,32,3,4,1
29,2024-08-31,22,2,0,35,6,6,0
28,2024-08-31,22,1,0,32,6,6,1
27,2024-08-31,22,1,0,43,2,2,0
23,2024-08-31,22,1,0,27,3,4,1
25,2024-08-31,22,1,0,32,3,5,1
24,2024-08-31,22,1,0,30,7,8,1
31,2024-08-31,22,1,0,31,7,9,2
21,2024-08-31,22,2,0,27,6,7,1
30,2024-08-31,22,1,0,28,7,8,1
35,2024-08-31,22,0,0,38,2,3,1
32,2024-08-31,22,2,0,34,5,6,1
33,2024-08-31,22,3,0,34,6,7,1
34,2024-08-31,22,1,0,42,4,4,0
36,2024-08-31,22,1,0,33,6,7,1
37,2024-08-31,22,1,0,29,5,6,1
38,2024-08-31,22,0,0,29,2,4,1
39,2024-08-31,22,1,0,42,5,5,0
40,2024-08-31,22,2,0,39,7,9,1
19,2024-08-31,22,2,0,31,13,14,0
20,2024-08-31,22,0,0,24,11,12,1
22,2024-08-31,22,1,0,35,8,9,0
18,2024-08-31,22,2,0,33,18,19,1
7,2024-08-31,22,0,0,38,10,11,0
42,2024-08-31,22,1,0,44,4,4,0
78,2024-08-31,22,1,0,64,1,3,2
1,2024-08-31,22,2,0,36,8,9,0
2,2024-08-31,22,1,0,33,13,14,1
3,2024-08-31,22,0,0,24,7,8,1
4,2024-08-31,22,1,0,35,8,9,1
5,2024-08-31,22,1,0,24,15,16,0
6,2024-08-31,22,2,0,39,10,12,1
8,2024-08-31,22,1,0,42,12,13,1
17,2024-08-31,22,1,0,33,11,13,1
9,2024-08-31,22,1,0,35,15,16,1
10,2024-08-31,22,1,0,29,10,11,1
11,2024-08-31,22,1,0,32,14,16,2
12,2024-08-31,22,1,0,38,16,17,1
13,2024-08-31,22,1,0,33,17,17,1
14,2024-08-31,22,2,0,38,11,11,1
15,2024-08-31,22,1,0,32,15,15,1
16,2024-08-31,22,1,1,24,28,42,14
41,2024-08-31,22,1,0,30,5,6,1
66,2024-08-31,22,0,0,35,4,4,1
43,2024-08-31,22,1,0,38,8,10,1
83,2024-08-31,22,1,0,30,5,5,0
68,2024-08-31,22,1,1,16,21,39,18
69,2024-08-31,22,2,0,27,6,7,1
70,2024-08-31,22,1,0,35,11,13,2
71,2024-08-31,22,0,0,37,9,11,2
72,2024-08-31,22,1,0,35,5,6,1
75,2024-08-31,22,1,0,36,5,5,1
77,2024-08-31,22,1,0,20,20,21,1
80,2024-08-31,22,1,0,10,2,2,0
84,2024-08-31,22,1,0,53,3,3,0
65,2024-08-31,22,1,0,37,5,6,1
85,2024-08-31,22,1,0,49,2,1,0
201,2024-08-31,22,2,0,33,6,8,2
202,2024-08-31,22,1,0,37,4,5,1
203,2024-08-31,22,1,0,31,8,10,1
204,2024-08-31,22,0,0,32,3,3,0
311,2024-08-31,22,0,0,13,11,13,2
312,2024-08-31,22,NULL,NULL,NULL,NULL,NULL,NULL
44,2024-08-31,22,1,0,42,3,4,1
67,2024-08-31,22,1,1,23,31,49,19
313,2024-08-31,22,0,0,13,1,2,1
64,2024-08-31,22,2,0,32,1,2,0
54,2024-08-31,22,2,0,34,10,11,1
46,2024-08-31,22,0,0,43,7,7,1
47,2024-08-31,22,1,0,37,3,4,1
48,2024-08-31,22,1,0,37,4,5,1
49,2024-08-31,22,1,0,34,10,11,0
50,2024-08-31,22,1,0,40,7,7,1
51,2024-08-31,22,3,0,26,8,9,1
52,2024-08-31,22,1,0,33,5,6,1
53,2024-08-31,22,1,0,31,9,10,1
45,2024-08-31,22,1,0,41,6,6,0
56,2024-08-31,22,1,0,37,10,10,1
58,2024-08-31,22,1,0,35,10,12,2
59,2024-08-31,22,1,0,31,10,11,1
60,2024-08-31,22,1,0,24,3,4,1
61,2024-08-31,22,1,0,24,1,2,1
62,2024-08-31,22,2,0,15,7,8,1
63,2024-08-31,22,0,0,18,5,5,1
57,2024-08-31,22,1,0,36,10,11,2
59,2024-08-31,21,1,0,34,10,10,1
56,2024-08-31,21,1,0,39,11,12,1
57,2024-08-31,21,1,0,38,11,13,2
58,2024-08-31,21,1,0,38,10,11,2
62,2024-08-31,21,1,0,16,4,5,1
60,2024-08-31,21,1,0,26,3,4,1
61,2024-08-31,21,1,0,14,1,2,1
53,2024-08-31,21,0,0,38,6,7,1
63,2024-08-31,21,0,0,17,4,5,1
54,2024-08-31,21,2,0,38,11,11,1
49,2024-08-31,21,2,0,38,10,10,0
52,2024-08-31,21,1,0,36,4,5,1
51,2024-08-31,21,6,0,33,8,9,1
50,2024-08-31,21,1,0,41,6,7,0
48,2024-08-31,21,1,0,40,5,6,1
47,2024-08-31,21,1,0,40,4,4,1
46,2024-08-31,21,0,0,43,8,9,1
45,2024-08-31,21,1,0,45,6,6,0
66,2024-08-31,21,1,0,35,5,5,0
44,2024-08-31,21,2,0,41,4,5,1
65,2024-08-31,21,1,0,41,4,5,0
78,2024-08-31,21,1,0,61,2,4,2
67,2024-08-31,21,1,1,24,32,51,19
84,2024-08-31,21,1,0,56,2,3,0
313,2024-08-31,21,1,0,11,1,2,1
312,2024-08-31,21,NULL,NULL,NULL,NULL,NULL,NULL
311,2024-08-31,21,0,0,23,12,13,1
204,2024-08-31,21,0,0,37,4,4,0
203,2024-08-31,21,1,0,40,6,7,1
202,2024-08-31,21,1,0,38,4,5,1
201,2024-08-31,21,2,0,36,6,8,2
85,2024-08-31,21,1,0,43,NULL,NULL,NULL
83,2024-08-31,21,1,0,34,4,5,1
68,2024-08-31,21,2,1,20,27,43,16
80,2024-08-31,21,1,0,9,2,3,0
42,2024-08-31,21,1,0,52,3,2,0
77,2024-08-31,21,1,0,31,13,13,1
75,2024-08-31,21,1,0,38,4,4,0
72,2024-08-31,21,1,0,45,4,5,1
71,2024-08-31,21,0,0,40,9,12,2
70,2024-08-31,21,1,0,39,12,14,2
69,2024-08-31,21,1,0,30,4,5,1
43,2024-08-31,21,1,0,42,8,9,1
64,2024-08-31,21,2,0,36,2,2,0
41,2024-08-31,21,1,0,37,3,4,1
10,2024-08-31,21,1,0,45,6,6,1
18,2024-08-31,21,2,0,28,30,31,1
17,2024-08-31,21,2,0,39,13,14,1
16,2024-08-31,21,1,1,24,32,49,16
15,2024-08-31,21,1,0,40,12,12,1
14,2024-08-31,21,2,0,43,10,11,1
13,2024-08-31,21,2,0,40,16,17,1
1,2024-08-31,21,2,0,48,6,7,0
11,2024-08-31,21,1,0,37,15,17,2
9,2024-08-31,21,1,0,45,10,11,1
20,2024-08-31,21,1,0,38,10,11,1
8,2024-08-31,21,1,0,49,9,10,1
7,2024-08-31,21,1,0,45,10,10,1
6,2024-08-31,21,2,0,42,13,15,2
5,2024-08-31,21,1,0,38,11,12,0
4,2024-08-31,21,1,0,42,9,10,1
3,2024-08-31,21,0,0,24,8,8,1
2,2024-08-31,21,1,0,46,10,11,1
40,2024-08-31,21,2,0,44,7,9,1
19,2024-08-31,21,2,0,40,12,13,0
12,2024-08-31,21,1,0,41,16,17,1
21,2024-08-31,21,2,0,29,9,10,1
30,2024-08-31,21,1,0,33,7,7,1
38,2024-08-31,21,0,0,32,2,4,1
37,2024-08-31,21,1,0,37,4,5,1
36,2024-08-31,21,3,0,31,9,10,1
35,2024-08-31,21,0,0,39,2,3,1
34,2024-08-31,21,1,0,45,3,4,0
33,2024-08-31,21,2,0,36,7,8,1
32,2024-08-31,21,1,0,36,6,7,1
31,2024-08-31,21,1,0,32,7,8,1
39,2024-08-31,21,2,0,46,5,5,0
29,2024-08-31,21,1,0,40,4,4,1
28,2024-08-31,21,1,0,39,5,6,0
27,2024-08-31,21,1,0,48,2,2,0
26,2024-08-31,21,1,0,29,4,5,1
25,2024-08-31,21,1,0,33,5,6,1
24,2024-08-31,21,1,0,24,12,13,1
23,2024-08-31,21,1,0,29,3,5,1
22,2024-08-31,21,2,0,30,12,13,0
59,2024-08-31,20,1,0,42,9,9,1
56,2024-08-31,20,1,0,48,8,9,1
57,2024-08-31,20,1,0,43,12,13,2
58,2024-08-31,20,0,0,43,10,11,2
63,2024-08-31,20,0,0,22,2,3,1
60,2024-08-31,20,1,0,29,3,3,1
61,2024-08-31,20,1,0,16,1,2,1
62,2024-08-31,20,2,0,16,5,7,2
53,2024-08-31,20,0,0,45,7,8,1
54,2024-08-31,20,1,0,47,9,9,0
49,2024-08-31,20,1,0,47,5,6,0
52,2024-08-31,20,1,0,41,4,5,1
51,2024-08-31,20,16,0,35,14,15,1
50,2024-08-31,20,1,0,43,8,8,0
66,2024-08-31,20,0,0,19,6,7,1
48,2024-08-31,20,1,0,45,6,6,1
47,2024-08-31,20,1,0,44,4,5,1
46,2024-08-31,20,0,0,47,7,8,1
45,2024-08-31,20,1,0,46,5,6,0
44,2024-08-31,20,1,0,46,3,4,1
65,2024-08-31,20,1,0,58,4,4,0
42,2024-08-31,20,1,0,49,4,3,0
67,2024-08-31,20,2,1,25,33,58,25
84,2024-08-31,20,0,0,52,2,2,0
313,2024-08-31,20,1,0,12,1,2,1
312,2024-08-31,20,NULL,NULL,NULL,NULL,NULL,NULL
311,2024-08-31,20,1,0,30,15,16,2
204,2024-08-31,20,0,0,39,6,6,0
203,2024-08-31,20,1,0,43,6,7,1
202,2024-08-31,20,1,0,43,6,7,1
201,2024-08-31,20,4,0,33,10,12,2
85,2024-08-31,20,1,0,41,2,1,0
83,2024-08-31,20,1,0,36,3,4,0
68,2024-08-31,20,2,1,21,34,47,13
80,2024-08-31,20,1,0,13,2,2,0
78,2024-08-31,20,1,0,63,2,4,1
77,2024-08-31,20,1,0,39,10,11,1
75,2024-08-31,20,1,0,48,2,3,0
72,2024-08-31,20,1,0,48,4,5,1
71,2024-08-31,20,0,0,43,13,15,3
70,2024-08-31,20,1,0,43,10,12,1
69,2024-08-31,20,1,0,39,4,4,1
43,2024-08-31,20,1,0,48,5,6,1
64,2024-08-31,20,2,0,44,2,2,1
41,2024-08-31,20,1,0,40,1,3,1
9,2024-08-31,20,1,0,53,9,10,1
18,2024-08-31,20,2,0,43,19,20,1
17,2024-08-31,20,2,0,47,12,14,1
16,2024-08-31,20,2,1,33,26,35,9
15,2024-08-31,20,1,0,50,10,11,0
14,2024-08-31,20,2,0,46,9,10,1
13,2024-08-31,20,2,0,41,20,21,1
12,2024-08-31,20,1,0,44,16,17,1
10,2024-08-31,20,1,0,46,4,5,1
8,2024-08-31,20,1,0,52,10,11,1
20,2024-08-31,20,1,0,44,13,14,1
7,2024-08-31,20,1,0,49,10,10,0
6,2024-08-31,20,3,0,43,14,16,2
5,2024-08-31,20,1,0,45,9,9,0
4,2024-08-31,20,1,0,48,8,8,1
3,2024-08-31,20,0,0,33,6,7,1
2,2024-08-31,20,1,0,53,8,9,1
1,2024-08-31,20,2,0,63,4,4,0
40,2024-08-31,20,1,0,41,6,7,1
19,2024-08-31,20,2,0,38,16,16,1
11,2024-08-31,20,1,0,52,8,9,0
21,2024-08-31,20,2,0,37,9,10,1
30,2024-08-31,20,1,0,31,8,9,1
38,2024-08-31,20,1,0,34,2,3,1
37,2024-08-31,20,2,0,40,4,5,1
36,2024-08-31,20,4,1,30,12,13,1
35,2024-08-31,20,0,0,40,3,3,1
34,2024-08-31,20,1,0,44,3,3,0
33,2024-08-31,20,2,0,35,9,11,1
32,2024-08-31,20,2,0,37,5,6,1
31,2024-08-31,20,1,0,35,6,8,2
39,2024-08-31,20,2,0,39,4,4,0
29,2024-08-31,20,1,0,42,3,3,0
28,2024-08-31,20,1,0,44,4,5,1
27,2024-08-31,20,1,0,47,2,2,0
26,2024-08-31,20,1,0,32,3,5,1
25,2024-08-31,20,2,0,38,6,7,2
24,2024-08-31,20,1,0,28,12,13,1
23,2024-08-31,20,1,0,32,5,6,1
22,2024-08-31,20,2,0,45,10,11,1
59,2024-08-31,19,1,0,49,7,7,1
56,2024-08-31,19,1,0,47,7,8,1
57,2024-08-31,19,2,0,41,11,13,2
58,2024-08-31,19,0,0,43,8,10,2
63,2024-08-31,19,0,0,25,2,3,1
60,2024-08-31,19,1,0,33,3,3,1
61,2024-08-31,19,NULL,NULL,NULL,NULL,NULL,NULL
62,2024-08-31,19,2,0,13,5,6,1
53,2024-08-31,19,0,0,49,7,9,1
54,2024-08-31,19,1,0,48,8,8,0
49,2024-08-31,19,1,0,51,5,6,0
52,2024-08-31,19,1,0,39,4,5,0
51,2024-08-31,19,0,0,43,7,7,1
50,2024-08-31,19,2,0,46,8,8,1
65,2024-08-31,19,1,0,70,4,5,0
48,2024-08-31,19,1,0,49,5,6,1
47,2024-08-31,19,1,0,49,4,5,1
46,2024-08-31,19,0,0,50,6,6,1
45,2024-08-31,19,1,0,48,5,5,0
44,2024-08-31,19,1,0,50,3,3,1
64,2024-08-31,19,2,0,43,2,2,0
312,2024-08-31,19,NULL,NULL,NULL,NULL,NULL,NULL
66,2024-08-31,19,1,0,18,7,8,1
83,2024-08-31,19,1,0,39,3,4,0
313,2024-08-31,19,0,0,13,1,2,1
311,2024-08-31,19,1,0,33,14,16,2
204,2024-08-31,19,0,0,40,4,4,1
203,2024-08-31,19,1,0,45,5,6,1
202,2024-08-31,19,2,0,47,5,6,1
201,2024-08-31,19,5,1,35,11,14,2
85,2024-08-31,19,1,0,43,1,1,0
84,2024-08-31,19,0,0,50,1,1,0
80,2024-08-31,19,1,0,18,2,2,0
67,2024-08-31,19,2,1,27,38,61,23
78,2024-08-31,19,2,0,67,3,5,2
77,2024-08-31,19,1,0,23,12,13,1
75,2024-08-31,19,1,0,48,4,4,1
72,2024-08-31,19,1,0,47,5,6,1
71,2024-08-31,19,1,0,44,9,12,3
70,2024-08-31,19,2,0,48,12,13,2
69,2024-08-31,19,2,0,40,4,5,1
68,2024-08-31,19,2,1,32,30,39,10
43,2024-08-31,19,1,0,50,5,6,1
42,2024-08-31,19,1,0,40,6,6,0
41,2024-08-31,19,1,0,42,1,3,1
9,2024-08-31,19,1,0,58,9,10,1
18,2024-08-31,19,2,0,48,18,19,1
17,2024-08-31,19,2,0,54,12,13,1
16,2024-08-31,19,2,1,37,28,38,10
15,2024-08-31,19,2,0,58,10,11,1
14,2024-08-31,19,3,0,53,12,13,1
13,2024-08-31,19,3,0,51,17,18,1
12,2024-08-31,19,2,0,48,18,19,1
11,2024-08-31,19,1,0,60,6,7,1
8,2024-08-31,19,2,0,59,10,12,1
20,2024-08-31,19,2,0,50,12,14,1
7,2024-08-31,19,1,0,57,9,10,1
6,2024-08-31,19,4,0,54,13,15,1
5,2024-08-31,19,1,0,48,9,9,0
4,2024-08-31,19,1,0,50,7,8,1
3,2024-08-31,19,0,0,47,4,5,1
2,2024-08-31,19,2,0,57,8,9,1
1,2024-08-31,19,2,0,65,5,5,0
40,2024-08-31,19,1,0,41,4,5,1
19,2024-08-31,19,2,0,45,10,10,0
10,2024-08-31,19,2,0,49,3,4,1
21,2024-08-31,19,3,0,44,11,12,1
31,2024-08-31,19,1,0,34,8,9,1
22,2024-08-31,19,2,0,49,7,7,1
38,2024-08-31,19,1,0,36,3,4,1
37,2024-08-31,19,1,0,41,4,6,1
36,2024-08-31,19,6,1,32,13,14,1
35,2024-08-31,19,0,0,43,1,2,1
34,2024-08-31,19,1,0,46,2,3,0
33,2024-08-31,19,3,0,37,11,12,1
32,2024-08-31,19,1,0,39,2,3,0
39,2024-08-31,19,2,0,43,6,6,0
30,2024-08-31,19,1,0,36,8,8,1
26,2024-08-31,19,1,0,34,2,4,1
24,2024-08-31,19,1,0,41,7,8,1
25,2024-08-31,19,1,0,35,5,7,2
23,2024-08-31,19,1,0,36,7,8,1
27,2024-08-31,19,1,0,38,2,3,1
28,2024-08-31,19,2,0,37,6,6,0
29,2024-08-31,19,1,0,44,4,4,0
65,2024-08-31,18,1,0,65,4,5,1
56,2024-08-31,18,1,0,42,8,9,1
64,2024-08-31,18,2,0,44,2,2,0
63,2024-08-31,18,0,0,25,2,3,1
62,2024-08-31,18,2,0,19,4,5,1
61,2024-08-31,18,1,0,15,1,2,1
60,2024-08-31,18,1,0,27,3,4,1
59,2024-08-31,18,1,0,46,6,7,1
58,2024-08-31,18,1,0,39,11,13,2
57,2024-08-31,18,2,0,40,10,12,2
51,2024-08-31,18,0,0,35,6,7,1
54,2024-08-31,18,1,0,50,3,3,0
53,2024-08-31,18,1,0,46,8,10,2
52,2024-08-31,18,1,0,46,4,5,1
67,2024-08-31,18,2,1,30,35,59,24
50,2024-08-31,18,2,0,41,10,11,1
49,2024-08-31,18,1,0,47,7,8,1
48,2024-08-31,18,1,0,45,6,7,1
47,2024-08-31,18,0,0,52,3,4,1
46,2024-08-31,18,0,0,44,5,6,1
66,2024-08-31,18,1,0,24,6,9,2
1,2024-08-31,18,2,0,68,5,5,0
68,2024-08-31,18,2,1,40,23,27,5
85,2024-08-31,18,1,0,46,2,2,0
44,2024-08-31,18,1,0,44,3,4,1
313,2024-08-31,18,0,0,14,1,2,1
312,2024-08-31,18,NULL,NULL,NULL,NULL,NULL,NULL
311,2024-08-31,18,2,0,41,15,17,2
204,2024-08-31,18,0,0,41,4,5,1
203,2024-08-31,18,1,0,40,2,3,1
202,2024-08-31,18,1,0,44,3,4,1
201,2024-08-31,18,7,1,29,16,19,4
84,2024-08-31,18,0,0,52,1,1,0
69,2024-08-31,18,2,0,47,5,6,1
83,2024-08-31,18,1,0,42,4,4,1
80,2024-08-31,18,1,0,21,2,2,0
78,2024-08-31,18,2,0,67,3,4,2
77,2024-08-31,18,1,0,30,7,9,1
75,2024-08-31,18,1,0,54,1,2,1
72,2024-08-31,18,1,0,55,4,5,1
71,2024-08-31,18,1,0,40,10,12,2
70,2024-08-31,18,3,1,55,16,18,2
45,2024-08-31,18,1,0,46,3,3,0
21,2024-08-31,18,3,0,58,11,12,1
43,2024-08-31,18,1,0,37,5,6,2
10,2024-08-31,18,2,0,48,3,4,1
19,2024-08-31,18,2,0,51,5,5,1
18,2024-08-31,18,2,0,49,12,13,1
17,2024-08-31,18,2,0,57,10,11,1
16,2024-08-31,18,2,1,44,23,30,7
15,2024-08-31,18,5,0,64,10,10,1
14,2024-08-31,18,4,0,59,14,15,1
13,2024-08-31,18,3,0,58,13,15,1
11,2024-08-31,18,1,0,60,5,6,1
9,2024-08-31,18,1,0,54,9,10,1
22,2024-08-31,18,1,0,46,3,4,1
8,2024-08-31,18,2,0,61,8,9,1
7,2024-08-31,18,2,0,60,9,10,1
6,2024-08-31,18,5,0,63,12,14,2
5,2024-08-31,18,2,0,60,9,10,1
4,2024-08-31,18,1,0,50,7,7,1
3,2024-08-31,18,1,0,60,5,6,1
2,2024-08-31,18,3,0,66,8,9,1
42,2024-08-31,18,1,0,38,3,3,0
20,2024-08-31,18,1,0,49,12,14,2
12,2024-08-31,18,2,0,56,14,15,1
41,2024-08-31,18,1,0,44,1,2,1
32,2024-08-31,18,1,0,42,2,3,1
23,2024-08-31,18,1,0,43,6,8,1
40,2024-08-31,18,NULL,0,43,5,6,1
39,2024-08-31,18,2,0,41,4,5,0
38,2024-08-31,18,1,0,40,3,5,1
37,2024-08-31,18,1,0,42,4,5,1
36,2024-08-31,18,3,0,41,8,9,2
34,2024-08-31,18,1,0,51,2,3,0
33,2024-08-31,18,5,0,38,11,12,1
35,2024-08-31,18,1,0,49,1,2,1
31,2024-08-31,18,1,0,38,6,8,2
28,2024-08-31,18,2,0,42,5,6,1
25,2024-08-31,18,1,0,33,5,7,2
26,2024-08-31,18,1,0,37,2,3,1
27,2024-08-31,18,1,0,38,2,2,0
24,2024-08-31,18,1,0,36,5,6,1
29,2024-08-31,18,1,0,44,3,4,0
30,2024-08-31,18,1,0,35,6,7,1
53,2024-08-31,17,3,0,46,12,13,2
63,2024-08-31,17,0,0,26,1,2,1
62,2024-08-31,17,1,0,28,2,3,1
61,2024-08-31,17,1,0,16,1,2,1
60,2024-08-31,17,1,0,36,3,4,1
59,2024-08-31,17,1,0,43,8,9,1
58,2024-08-31,17,1,0,42,7,9,2
57,2024-08-31,17,1,0,43,6,8,2
56,2024-08-31,17,1,0,44,4,6,1
54,2024-08-31,17,1,0,52,1,2,0
44,2024-08-31,17,1,0,46,2,3,1
52,2024-08-31,17,1,0,52,5,5,1
51,2024-08-31,17,0,0,46,5,6,1
50,2024-08-31,17,2,0,45,9,10,1
49,2024-08-31,17,1,0,49,6,6,1
48,2024-08-31,17,2,0,45,8,9,2
47,2024-08-31,17,0,0,53,4,5,1
46,2024-08-31,17,0,0,44,4,5,1
45,2024-08-31,17,1,0,43,2,2,0
66,2024-08-31,17,1,0,28,4,7,3
65,2024-08-31,17,1,0,55,4,4,1
313,2024-08-31,17,1,0,18,1,2,1
67,2024-08-31,17,2,1,28,30,54,24
84,2024-08-31,17,0,0,62,1,1,0
64,2024-08-31,17,2,0,48,2,2,0
312,2024-08-31,17,NULL,NULL,NULL,NULL,NULL,NULL
311,2024-08-31,17,2,0,43,14,15,1
204,2024-08-31,17,1,0,53,3,4,1
203,2024-08-31,17,1,0,40,2,3,1
202,2024-08-31,17,1,0,40,1,3,1
201,2024-08-31,17,5,0,33,10,13,3
85,2024-08-31,17,1,0,48,2,3,0
83,2024-08-31,17,1,0,45,2,3,1
68,2024-08-31,17,1,1,28,21,34,13
80,2024-08-31,17,1,0,16,2,2,0
78,2024-08-31,17,2,0,61,2,3,2
77,2024-08-31,17,1,0,39,4,5,1
75,2024-08-31,17,0,0,50,1,1,1
72,2024-08-31,17,1,0,61,3,4,1
71,2024-08-31,17,0,0,40,5,7,2
70,2024-08-31,17,3,0,55,12,14,2
69,2024-08-31,17,3,0,54,5,6,1
43,2024-08-31,17,1,0,39,6,8,2
42,2024-08-31,17,1,0,42,3,3,0
41,2024-08-31,17,1,0,47,2,3,1
9,2024-08-31,17,1,0,51,8,10,2
18,2024-08-31,17,1,0,48,6,8,2
17,2024-08-31,17,1,0,57,8,9,2
16,2024-08-31,17,2,0,38,20,28,8
15,2024-08-31,17,4,0,63,7,8,1
14,2024-08-31,17,4,0,58,11,12,2
13,2024-08-31,17,3,0,54,10,12,2
12,2024-08-31,17,2,0,50,10,12,2
11,2024-08-31,17,1,0,49,7,9,2
8,2024-08-31,17,2,0,54,6,8,1
20,2024-08-31,17,2,0,38,10,12,2
7,2024-08-31,17,1,0,56,7,8,1
6,2024-08-31,17,4,0,63,10,12,2
5,2024-08-31,17,2,0,62,8,9,1
4,2024-08-31,17,3,0,60,9,10,1
3,2024-08-31,17,1,0,81,5,5,1
2,2024-08-31,17,3,0,69,6,7,1
1,2024-08-31,17,2,0,79,4,4,0
40,2024-08-31,17,1,0,41,3,5,1
19,2024-08-31,17,1,0,40,2,3,1
10,2024-08-31,17,2,0,33,13,23,10
21,2024-08-31,17,3,0,51,9,10,1
31,2024-08-31,17,1,0,39,6,9,2
22,2024-08-31,17,1,0,39,3,4,1
38,2024-08-31,17,0,0,42,2,3,1
37,2024-08-31,17,1,0,45,3,4,1
36,2024-08-31,17,1,0,61,5,6,1
35,2024-08-31,17,1,0,50,2,3,1
34,2024-08-31,17,1,0,52,1,2,0
33,2024-08-31,17,4,0,38,9,12,3
32,2024-08-31,17,1,0,42,2,3,1
39,2024-08-31,17,1,0,41,2,3,0
30,2024-08-31,17,1,0,45,3,4,1
26,2024-08-31,17,1,0,40,1,2,1
24,2024-08-31,17,1,0,41,5,6,1
25,2024-08-31,17,1,0,38,2,4,2
23,2024-08-31,17,1,0,60,6,7,1
27,2024-08-31,17,1,0,45,2,3,1
28,2024-08-31,17,2,0,45,6,7,1
29,2024-08-31,17,1,0,45,3,4,1
22,2024-08-31,16,2,0,44,3,4,1
31,2024-08-31,16,1,0,45,5,7,2
23,2024-08-31,16,2,0,74,5,6,1
24,2024-08-31,16,1,0,57,5,6,1
25,2024-08-31,16,2,0,44,1,3,2
26,2024-08-31,16,1,0,40,2,3,1
27,2024-08-31,16,1,0,50,2,2,1
28,2024-08-31,16,2,0,53,5,6,1
29,2024-08-31,16,1,0,45,3,3,0
30,2024-08-31,16,1,0,59,3,4,1
35,2024-08-31,16,1,0,47,2,3,1
32,2024-08-31,16,1,0,45,2,3,1
33,2024-08-31,16,4,0,41,9,12,3
34,2024-08-31,16,1,0,51,1,1,0
19,2024-08-31,16,1,0,35,1,2,0
36,2024-08-31,16,1,0,62,4,6,1
37,2024-08-31,16,2,0,48,2,3,1
38,2024-08-31,16,1,0,40,1,3,1
39,2024-08-31,16,2,0,43,2,2,0
40,2024-08-31,16,1,0,42,3,4,1
20,2024-08-31,16,4,0,42,10,13,3
313,2024-08-31,16,1,0,23,1,2,1
18,2024-08-31,16,1,0,41,5,7,2
7,2024-08-31,16,1,0,52,7,8,1
42,2024-08-31,16,1,0,52,3,3,0
204,2024-08-31,16,1,0,60,2,2,0
1,2024-08-31,16,3,0,76,3,3,0
2,2024-08-31,16,4,0,60,5,6,1
3,2024-08-31,16,1,0,73,4,5,1
4,2024-08-31,16,4,0,63,8,9,1
5,2024-08-31,16,2,0,66,8,9,1
6,2024-08-31,16,3,0,61,9,12,2
8,2024-08-31,16,2,0,54,7,9,2
17,2024-08-31,16,1,0,57,6,8,2
9,2024-08-31,16,1,0,45,5,6,1
10,2024-08-31,16,1,0,37,6,9,3
11,2024-08-31,16,2,0,43,6,8,2
12,2024-08-31,16,2,0,50,11,12,2
13,2024-08-31,16,2,0,51,11,13,2
14,2024-08-31,16,3,0,57,8,10,2
15,2024-08-31,16,2,0,56,6,7,1
16,2024-08-31,16,2,0,37,22,34,12
41,2024-08-31,16,1,0,49,2,3,1
21,2024-08-31,16,4,0,66,9,10,1
43,2024-08-31,16,1,0,49,5,6,1
77,2024-08-31,16,1,0,46,4,5,1
65,2024-08-31,16,1,0,36,2,3,1
66,2024-08-31,16,1,0,31,5,8,3
67,2024-08-31,16,2,1,34,25,43,18
68,2024-08-31,16,2,0,39,16,23,7
69,2024-08-31,16,3,0,59,4,5,1
70,2024-08-31,16,2,0,54,10,13,2
71,2024-08-31,16,0,0,35,5,7,2
72,2024-08-31,16,2,0,71,3,4,1
78,2024-08-31,16,2,0,61,1,2,2
63,2024-08-31,16,0,0,23,1,2,1
80,2024-08-31,16,1,0,20,2,2,0
83,2024-08-31,16,1,0,48,2,3,0
84,2024-08-31,16,0,0,56,1,1,0
85,2024-08-31,16,1,0,51,2,2,0
201,2024-08-31,16,4,0,40,8,11,3
202,2024-08-31,16,2,0,44,2,3,1
203,2024-08-31,16,1,0,47,2,3,1
311,2024-08-31,16,2,0,49,13,15,1
64,2024-08-31,16,2,0,41,2,2,1
75,2024-08-31,16,0,0,48,1,1,0
44,2024-08-31,16,1,0,58,2,3,1
53,2024-08-31,16,2,0,47,5,7,2
312,2024-08-31,16,NULL,NULL,NULL,NULL,NULL,NULL
45,2024-08-31,16,1,0,47,2,2,0
46,2024-08-31,16,0,0,50,4,5,1
47,2024-08-31,16,1,0,62,4,5,1
48,2024-08-31,16,2,0,46,6,8,2
49,2024-08-31,16,1,0,45,5,6,1
51,2024-08-31,16,0,0,55,5,6,1
52,2024-08-31,16,1,0,51,8,8,1
50,2024-08-31,16,1,0,41,7,9,2
54,2024-08-31,16,1,0,43,1,2,1
58,2024-08-31,16,1,0,38,7,9,2
61,2024-08-31,16,1,0,15,1,2,1
60,2024-08-31,16,1,0,46,2,3,1
59,2024-08-31,16,1,0,47,7,8,1
62,2024-08-31,16,2,0,22,2,3,1
57,2024-08-31,16,1,0,36,6,8,2
56,2024-08-31,16,1,0,40,2,4,2
54,2024-08-31,15,1,0,44,2,2,1
64,2024-08-31,15,2,0,43,2,2,1
63,2024-08-31,15,0,0,24,1,1,0
62,2024-08-31,15,2,0,22,2,3,2
61,2024-08-31,15,1,0,19,1,2,1
60,2024-08-31,15,1,0,63,3,4,1
59,2024-08-31,15,1,0,75,7,8,1
58,2024-08-31,15,1,0,52,5,7,2
57,2024-08-31,15,2,0,44,8,10,3
56,2024-08-31,15,1,0,43,5,7,3
45,2024-08-31,15,1,0,47,2,2,0
53,2024-08-31,15,1,0,52,3,5,1
52,2024-08-31,15,1,0,58,6,6,1
51,2024-08-31,15,1,0,68,7,7,1
50,2024-08-31,15,1,0,55,8,10,1
49,2024-08-31,15,1,0,47,5,6,1
48,2024-08-31,15,2,0,46,6,8,2
47,2024-08-31,15,1,0,62,3,4,1
46,2024-08-31,15,0,0,52,4,4,1
66,2024-08-31,15,1,0,36,5,7,3
65,2024-08-31,15,1,0,33,2,3,1
313,2024-08-31,15,0,0,33,1,1,0
67,2024-08-31,15,1,1,33,24,42,19
84,2024-08-31,15,0,0,48,0,1,0
43,2024-08-31,15,1,0,58,4,6,1
312,2024-08-31,15,NULL,NULL,NULL,NULL,NULL,NULL
311,2024-08-31,15,2,0,62,12,13,1
204,2024-08-31,15,1,0,68,2,3,1
203,2024-08-31,15,1,0,50,2,3,1
202,2024-08-31,15,2,0,42,1,2,1
201,2024-08-31,15,4,0,39,6,9,3
85,2024-08-31,15,1,0,54,2,2,0
83,2024-08-31,15,2,0,48,2,3,1
68,2024-08-31,15,3,0,42,24,36,12
80,2024-08-31,15,1,0,20,1,2,0
78,2024-08-31,15,2,0,57,1,3,2
77,2024-08-31,15,1,0,46,5,6,1
75,2024-08-31,15,1,0,53,1,1,0
72,2024-08-31,15,1,0,80,3,4,1
71,2024-08-31,15,0,0,48,5,7,2
70,2024-08-31,15,3,0,56,12,15,3
69,2024-08-31,15,2,0,71,3,4,1
44,2024-08-31,15,1,0,56,2,3,1
24,2024-08-31,15,1,0,48,4,6,1
42,2024-08-31,15,1,0,67,3,3,0
9,2024-08-31,15,1,0,49,4,5,1
18,2024-08-31,15,1,0,44,5,6,1
17,2024-08-31,15,2,0,59,6,7,1
16,2024-08-31,15,2,1,29,23,40,17
15,2024-08-31,15,2,0,53,7,8,2
14,2024-08-31,15,4,0,60,9,11,2
13,2024-08-31,15,2,0,46,10,12,2
12,2024-08-31,15,2,0,43,10,12,2
11,2024-08-31,15,1,0,44,8,10,2
8,2024-08-31,15,2,0,55,6,7,1
20,2024-08-31,15,3,0,55,10,12,2
7,2024-08-31,15,1,0,60,6,7,1
6,2024-08-31,15,4,0,65,9,11,2
5,2024-08-31,15,3,0,74,8,9,1
4,2024-08-31,15,5,0,74,8,9,1
3,2024-08-31,15,1,0,70,3,4,1
2,2024-08-31,15,2,0,57,4,5,1
1,2024-08-31,15,2,0,61,2,3,0
41,2024-08-31,15,1,0,51,2,3,1
19,2024-08-31,15,1,0,41,2,2,1
10,2024-08-31,15,1,0,42,3,4,1
21,2024-08-31,15,4,0,77,9,10,1
32,2024-08-31,15,1,0,51,2,3,1
22,2024-08-31,15,2,0,56,3,4,1
39,2024-08-31,15,2,0,52,2,3,0
38,2024-08-31,15,1,0,44,1,2,1
37,2024-08-31,15,2,0,56,2,3,1
36,2024-08-31,15,1,0,66,4,6,1
35,2024-08-31,15,1,0,45,2,3,1
34,2024-08-31,15,1,0,51,2,2,0
33,2024-08-31,15,4,0,45,8,10,2
40,2024-08-31,15,1,0,47,3,4,1
31,2024-08-31,15,1,0,56,5,7,2
27,2024-08-31,15,1,0,54,2,2,1
25,2024-08-31,15,1,0,39,1,3,2
26,2024-08-31,15,2,0,45,2,3,1
23,2024-08-31,15,1,0,68,4,5,1
28,2024-08-31,15,2,0,59,5,6,1
29,2024-08-31,15,1,0,46,2,3,1
30,2024-08-31,15,1,0,58,3,4,1
23,2024-08-31,14,1,0,61,4,5,1
32,2024-08-31,14,1,0,45,2,3,1
24,2024-08-31,14,1,0,43,4,5,1
25,2024-08-31,14,1,0,44,1,3,2
26,2024-08-31,14,1,0,48,2,3,1
27,2024-08-31,14,1,0,55,2,3,0
28,2024-08-31,14,2,0,59,4,5,1
29,2024-08-31,14,1,0,46,2,3,1
30,2024-08-31,14,1,0,59,3,4,1
31,2024-08-31,14,1,0,48,5,7,2
36,2024-08-31,14,1,0,75,5,6,1
33,2024-08-31,14,4,0,47,7,9,3
34,2024-08-31,14,1,0,53,2,2,1
35,2024-08-31,14,1,0,48,1,2,1
21,2024-08-31,14,3,0,76,8,9,1
37,2024-08-31,14,2,0,77,3,4,1
38,2024-08-31,14,1,0,44,1,2,1
39,2024-08-31,14,2,0,60,3,3,0
40,2024-08-31,14,1,0,53,4,5,1
41,2024-08-31,14,1,0,51,2,3,1
22,2024-08-31,14,2,0,42,3,4,1
313,2024-08-31,14,1,0,42,0,0,0
20,2024-08-31,14,2,0,57,9,11,2
9,2024-08-31,14,1,0,55,4,5,1
1,2024-08-31,14,3,0,65,3,3,0
2,2024-08-31,14,4,0,61,6,8,2
3,2024-08-31,14,1,0,58,3,4,1
4,2024-08-31,14,4,0,81,7,8,1
5,2024-08-31,14,2,0,103,9,10,1
6,2024-08-31,14,4,0,97,10,12,2
7,2024-08-31,14,1,0,67,6,7,1
8,2024-08-31,14,2,0,67,6,8,1
10,2024-08-31,14,1,0,49,4,5,1
19,2024-08-31,14,1,0,44,2,3,1
11,2024-08-31,14,1,0,62,6,7,1
12,2024-08-31,14,2,0,49,11,13,2
13,2024-08-31,14,3,0,63,11,12,1
14,2024-08-31,14,4,0,72,9,11,1
15,2024-08-31,14,3,0,60,7,8,1
16,2024-08-31,14,2,1,40,21,31,10
17,2024-08-31,14,2,0,63,6,7,2
18,2024-08-31,14,2,0,57,6,7,2
42,2024-08-31,14,2,0,73,3,3,0
43,2024-08-31,14,2,0,61,5,6,1
44,2024-08-31,14,1,0,61,2,4,1
84,2024-08-31,14,0,0,54,1,1,0
69,2024-08-31,14,1,0,83,4,5,1
70,2024-08-31,14,3,0,69,14,16,2
71,2024-08-31,14,1,0,59,7,9,2
72,2024-08-31,14,1,0,83,3,4,1
75,2024-08-31,14,1,0,58,2,2,1
77,2024-08-31,14,1,0,53,5,6,1
78,2024-08-31,14,2,0,55,1,3,2
80,2024-08-31,14,1,0,22,1,2,0
85,2024-08-31,14,1,0,59,3,3,0
67,2024-08-31,14,2,1,45,22,35,13
201,2024-08-31,14,3,0,53,4,6,2
202,2024-08-31,14,1,0,49,1,3,1
203,2024-08-31,14,NULL,0,51,NULL,NULL,NULL
204,2024-08-31,14,1,0,74,3,3,0
311,2024-08-31,14,2,0,87,13,14,1
312,2024-08-31,14,NULL,NULL,NULL,NULL,NULL,NULL
61,2024-08-31,14,NULL,NULL,NULL,NULL,NULL,NULL
45,2024-08-31,14,1,0,55,2,2,0
68,2024-08-31,14,3,0,49,21,27,7
83,2024-08-31,14,1,0,47,2,3,1
66,2024-08-31,14,2,0,41,5,7,2
54,2024-08-31,14,1,0,54,2,2,1
65,2024-08-31,14,1,0,43,2,3,1
47,2024-08-31,14,1,0,56,3,3,1
48,2024-08-31,14,2,0,58,5,6,1
49,2024-08-31,14,1,0,62,5,6,1
50,2024-08-31,14,2,0,67,10,11,1
51,2024-08-31,14,2,0,75,7,8,1
52,2024-08-31,14,2,0,73,3,3,1
53,2024-08-31,14,2,0,62,4,6,2
46,2024-08-31,14,0,0,57,4,5,1
56,2024-08-31,14,1,0,54,7,9,2
60,2024-08-31,14,2,0,72,3,4,1
63,2024-08-31,14,0,0,26,1,2,1
62,2024-08-31,14,1,0,25,1,3,1
64,2024-08-31,14,3,0,48,2,2,1
59,2024-08-31,14,1,0,74,7,8,1
58,2024-08-31,14,1,0,65,6,8,2
57,2024-08-31,14,2,0,58,7,9,2
64,2024-08-31,13,2,0,48,2,2,0
54,2024-08-31,13,2,0,65,3,3,0
63,2024-08-31,13,0,0,26,2,2,1
62,2024-08-31,13,1,0,25,2,3,2
61,2024-08-31,13,1,0,24,1,2,1
60,2024-08-31,13,1,0,61,3,3,1
59,2024-08-31,13,1,0,68,3,4,1
58,2024-08-31,13,2,0,72,7,9,2
57,2024-08-31,13,3,0,62,9,11,2
56,2024-08-31,13,2,0,69,4,5,1
50,2024-08-31,13,2,0,65,13,14,1
53,2024-08-31,13,1,0,69,5,6,2
52,2024-08-31,13,1,0,79,3,4,1
51,2024-08-31,13,8,1,74,17,19,2
67,2024-08-31,13,2,0,46,25,37,13
49,2024-08-31,13,2,0,70,6,6,1
48,2024-08-31,13,2,0,66,5,6,1
47,2024-08-31,13,1,0,53,3,3,1
46,2024-08-31,13,1,0,60,4,5,1
45,2024-08-31,13,1,0,60,3,3,0
66,2024-08-31,13,2,0,43,5,7,2
43,2024-08-31,13,1,0,58,4,5,1
68,2024-08-31,13,1,0,39,20,29,10
85,2024-08-31,13,1,0,55,2,3,0
23,2024-08-31,13,1,0,64,5,6,1
313,2024-08-31,13,1,0,46,1,1,0
312,2024-08-31,13,0,0,43,3,4,0
311,2024-08-31,13,2,0,78,11,12,0
204,2024-08-31,13,1,0,82,4,4,0
203,2024-08-31,13,NULL,0,58,NULL,NULL,NULL
202,2024-08-31,13,2,0,55,2,3,1
201,2024-08-31,13,3,0,65,6,8,2
84,2024-08-31,13,1,0,56,1,1,0
69,2024-08-31,13,1,0,75,3,5,1
83,2024-08-31,13,1,0,44,2,3,1
80,2024-08-31,13,1,0,24,1,1,0
78,2024-08-31,13,1,0,55,1,3,2
77,2024-08-31,13,1,0,63,6,7,1
75,2024-08-31,13,0,0,56,1,2,1
72,2024-08-31,13,1,0,54,2,3,1
71,2024-08-31,13,1,0,63,6,8,2
70,2024-08-31,13,2,1,89,15,17,2
44,2024-08-31,13,1,0,61,2,3,1
65,2024-08-31,13,1,0,52,3,4,1
42,2024-08-31,13,2,0,76,4,4,0
11,2024-08-31,13,1,0,58,5,6,1
20,2024-08-31,13,1,0,50,9,11,2
19,2024-08-31,13,1,0,35,2,3,1
18,2024-08-31,13,1,0,50,5,7,2
17,2024-08-31,13,4,0,55,8,10,2
16,2024-08-31,13,3,0,70,11,13,2
15,2024-08-31,13,3,0,69,7,8,1
14,2024-08-31,13,3,0,89,11,13,1
13,2024-08-31,13,3,0,84,13,14,1
10,2024-08-31,13,1,0,51,4,5,1
22,2024-08-31,13,1,0,40,3,4,1
9,2024-08-31,13,2,0,56,4,5,1
8,2024-08-31,13,3,0,71,8,9,1
7,2024-08-31,13,2,0,75,7,8,1
6,2024-08-31,13,4,0,109,11,13,2
5,2024-08-31,13,2,0,111,10,10,1
4,2024-08-31,13,2,0,86,8,9,1
3,2024-08-31,13,2,0,65,4,5,1
1,2024-08-31,13,3,0,62,3,3,1
21,2024-08-31,13,3,0,67,8,10,1
12,2024-08-31,13,3,0,73,10,11,1
41,2024-08-31,13,1,0,49,2,3,1
32,2024-08-31,13,2,0,54,2,3,1
2,2024-08-31,13,4,0,67,9,11,2
40,2024-08-31,13,2,0,56,5,6,1
39,2024-08-31,13,2,0,63,3,3,0
38,2024-08-31,13,1,0,47,2,3,1
37,2024-08-31,13,1,0,78,3,4,1
36,2024-08-31,13,1,0,78,5,6,1
34,2024-08-31,13,1,0,55,1,2,1
33,2024-08-31,13,3,0,57,6,7,2
35,2024-08-31,13,1,0,51,2,3,1
31,2024-08-31,13,1,0,57,5,7,2
28,2024-08-31,13,2,0,63,4,5,1
25,2024-08-31,13,1,0,47,2,3,2
26,2024-08-31,13,2,0,52,3,4,1
27,2024-08-31,13,1,0,57,3,3,1
24,2024-08-31,13,1,0,48,4,5,1
29,2024-08-31,13,1,0,50,3,4,1
30,2024-08-31,13,1,0,66,5,5,1
56,2024-08-31,12,2,0,73,7,8,1
65,2024-08-31,12,1,0,50,4,5,1
64,2024-08-31,12,2,0,43,2,3,1
63,2024-08-31,12,0,0,30,2,3,1
62,2024-08-31,12,2,0,22,1,3,1
61,2024-08-31,12,1,0,24,1,2,1
60,2024-08-31,12,1,0,60,3,4,1
59,2024-08-31,12,1,0,61,3,4,1
58,2024-08-31,12,3,0,66,14,17,3
57,2024-08-31,12,3,0,63,14,16,2
46,2024-08-31,12,1,0,59,5,5,1
54,2024-08-31,12,2,0,68,4,5,1
53,2024-08-31,12,1,0,65,5,6,1
52,2024-08-31,12,2,0,79,3,4,1
51,2024-08-31,12,2,0,68,8,9,1
50,2024-08-31,12,2,0,72,8,9,1
49,2024-08-31,12,2,0,68,7,8,1
48,2024-08-31,12,1,0,65,5,6,1
47,2024-08-31,12,1,0,52,3,4,1
67,2024-08-31,12,3,1,54,28,43,14
66,2024-08-31,12,2,0,47,5,7,2
3,2024-08-31,12,3,0,69,4,5,1
68,2024-08-31,12,1,0,31,19,30,11
85,2024-08-31,12,1,0,50,2,3,0
44,2024-08-31,12,1,0,52,2,3,1
313,2024-08-31,12,1,0,41,1,1,0
312,2024-08-31,12,0,0,46,6,6,1
311,2024-08-31,12,1,0,66,8,9,0
204,2024-08-31,12,1,0,67,4,5,1
203,2024-08-31,12,1,0,49,2,3,1
202,2024-08-31,12,2,0,62,4,5,1
201,2024-08-31,12,2,0,73,6,8,2
84,2024-08-31,12,1,0,54,1,1,0
69,2024-08-31,12,1,0,67,3,4,1
83,2024-08-31,12,1,0,46,2,3,1
80,2024-08-31,12,1,0,22,1,2,0
78,2024-08-31,12,1,0,54,1,3,2
77,2024-08-31,12,2,0,58,8,9,1
75,2024-08-31,12,1,0,63,2,3,1
72,2024-08-31,12,1,0,43,1,2,1
71,2024-08-31,12,1,0,61,11,13,2
70,2024-08-31,12,2,1,85,21,25,4
45,2024-08-31,12,1,0,53,3,4,0
43,2024-08-31,12,1,0,57,4,5,1
12,2024-08-31,12,3,0,80,11,12,1
10,2024-08-31,12,1,0,42,7,10,3
20,2024-08-31,12,1,0,42,8,10,2
19,2024-08-31,12,1,0,37,2,2,1
17,2024-08-31,12,3,0,46,8,10,2
16,2024-08-31,12,3,1,63,18,21,3
15,2024-08-31,12,2,0,78,9,10,1
14,2024-08-31,12,2,0,91,16,18,2
13,2024-08-31,12,3,0,80,13,14,1
11,2024-08-31,12,2,0,59,7,8,1
1,2024-08-31,12,4,0,66,4,4,0
22,2024-08-31,12,1,0,43,3,4,1
9,2024-08-31,12,1,0,43,2,3,1
8,2024-08-31,12,3,0,68,9,10,2
7,2024-08-31,12,1,0,67,8,10,1
6,2024-08-31,12,4,0,96,NULL,NULL,NULL
5,2024-08-31,12,2,0,90,10,11,1
4,2024-08-31,12,2,0,92,9,10,1
2,2024-08-31,12,3,0,76,8,10,1
42,2024-08-31,12,2,0,74,4,5,0
21,2024-08-31,12,3,0,64,8,9,1
